,鍵閉め,ゴミ捨て
2021/11/01,"Parsons, Kramer",
2021/11/02,"Vosen, Ross",
2021/11/03,,
2021/11/04,"Parsons, Vosen",
2021/11/05,"Landy, Ross","Landy, Ross, Paz, Hirsch"
2021/11/06,,
2021/11/07,,
2021/11/08,"Landy, Kramer",
2021/11/09,"Parsons, Kramer",
2021/11/10,"Landy, Vosen",
2021/11/11,"Kramer, Ross",
2021/11/12,"Landy, Vosen","Landy, Vosen, Cronin, Wills"
2021/11/13,,
2021/11/14,,
2021/11/15,"Parsons, Ross",
2021/11/16,"Landy, Ross",
2021/11/17,"Landy, Kramer",
2021/11/18,"Parsons, Vosen",
2021/11/19,"Vosen, Ross","Vosen, Ross, Cronin, Wills"
2021/11/20,,
2021/11/21,,
2021/11/22,"Parsons, Kramer",
2021/11/23,,
2021/11/24,"Landy, Ross",
2021/11/25,"Landy, Kramer",
2021/11/26,"Parsons, Kramer","Parsons, Kramer, Cronin, Wills"
2021/11/27,,
2021/11/28,,
2021/11/29,"Vosen, Ross",
2021/11/30,"Parsons, Vosen",
